{"sensor1": 2.260162353515625, "sensor2": 1.1725966930389404, "sensor3": 1.1808133125305176, "sensor4": 1.9868139028549194, "sensor5": 1.8270447254180908}