{"1": 2.260162353515625, "2": 1.1725966930389404, "3": 1.1808133125305176, "4": 1.9868139028549194, "5": 1.8270447254180908}